{"stats":{"minecraft:broken":{"minecraft:golden_axe":2},"minecraft:killed":{"minecraft:cave_spider":2,"minecraft:witch":1,"minecraft:skeleton":6,"mowziesmobs:ferrous_wroughtnaut":1,"creaturesofruneterra:xersai_hatchling":3,"minecraft:magma_cube":5,"minecraft:piglin":3,"minecraft:pig":22,"minecraft:zombie_villager":1,"golems:golem":1,"creaturesofruneterra:silverwing":1,"minecraft:creeper":1,"minecraft:sheep":11,"minecraft:pillager":5,"minecraft:zombie":13,"minecraft:blaze":2,"minecraft:cow":11},"minecraft:custom":{"minecraft:interact_with_anvil":2,"minecraft:mob_kills":91,"minecraft:open_barrel":1,"minecraft:interact_with_crafting_table":57,"minecraft:bell_ring":28,"minecraft:leave_game":12,"minecraft:time_since_death":17701,"minecraft:climb_one_cm":16,"minecraft:sprint_one_cm":434447,"minecraft:damage_blocked_by_shield":2005,"minecraft:walk_one_cm":537181,"minecraft:drop":108,"minecraft:talked_to_villager":1,"minecraft:play_time":300481,"minecraft:deaths":6,"minecraft:sneak_time":6807,"minecraft:walk_under_water_one_cm":8554,"minecraft:jump":3102,"minecraft:interact_with_blast_furnace":1,"minecraft:enchant_item":4,"minecraft:walk_on_water_one_cm":43135,"minecraft:total_world_time":300481,"spartanshields:shield_bash_hits":19,"minecraft:interact_with_furnace":57,"minecraft:sleep_in_bed":11,"minecraft:time_since_rest":13142,"minecraft:damage_taken":4784,"minecraft:damage_dealt":14221,"minecraft:player_kills":2,"minecraft:swim_one_cm":59020,"minecraft:fly_one_cm":747945,"minecraft:open_chest":121,"minecraft:crouch_one_cm":20347,"minecraft:fall_one_cm":87143},"minecraft:picked_up":{"sophisticatedbackpacks:gold_backpack":1,"minecraft:crafting_table":2,"minecraft:wheat":1,"minecraft:azure_bluet":3,"minecraft:chicken":2,"minecraft:nether_wart":15,"minecraft:sentry_armor_trim_smithing_template":2,"minecraft:wooden_pickaxe":2,"minecraft:string":9,"minecraft:raw_copper":66,"minecraft:iron_axe":4,"minecraft:flint_and_steel":1,"spartanweaponry:silver_halberd":1,"minecraft:experience_bottle":1,"minecraft:zombie_head":1,"minecraft:diamond_leggings":4,"minecraft:cobbled_deepslate":64,"minecraft:beef":26,"immersive_armors:wooden_leggings":2,"minecraft:player_head":1,"minecraft:iron_pickaxe":3,"minecraft:sugar_cane":6,"minecraft:furnace":2,"occultism:dictionary_of_spirits":4,"minecraft:egg":4,"minecraft:raw_iron":1,"minecraft:stick":17,"immersive_armors:bone_chestplate":1,"sophisticatedbackpacks:stack_upgrade_starter_tier":1,"spartanweaponry:silver_rapier":1,"minecraft:torch":12,"minecraft:porkchop":54,"minecraft:golden_axe":1,"minecraft:carrot":59,"minecraft:iron_horse_armor":2,"minecraft:dark_oak_planks":24,"immersive_armors:wooden_helmet":1,"minecraft:arrow":12,"minecraft:rotten_flesh":17,"minecraft:diamond_chestplate":1,"spartanweaponry:illager_head":2,"spartanshields:copper_tower_shield":3,"minecraft:hay_block":76,"occultism:silver_ingot":50,"occultism:datura":2,"minecraft:saddle":1,"sophisticatedbackpacks:copper_backpack":3,"minecraft:blaze_rod":10,"minecraft:mutton":20,"minecraft:skeleton_skull":1,"minecraft:white_wool":35,"minecraft:cobblestone":7,"immersive_armors:bone_helmet":2,"occultism:datura_seeds":28,"minecraft:feather":16,"minecraft:cooked_beef":9,"minecraft:basalt":5,"minecraft:andesite":3,"minecraft:leather":14,"minecraft:potato":6,"minecraft:oak_log":36,"minecraft:gunpowder":1,"mowziesmobs:wrought_axe":1,"spartanweaponry:diamond_scythe":2,"minecraft:lapis_lazuli":32,"minecraft:dirt":8,"minecraft:white_banner":1,"minecraft:cooked_mutton":8,"minecraft:bone":4,"minecraft:wheat_seeds":81,"minecraft:raw_gold":24,"minecraft:stone_pickaxe":2,"spartanshields:wooden_basic_shield":1,"sophisticatedbackpacks:diamond_backpack":1,"minecraft:book":2,"minecraft:quartz":20,"mowziesmobs:wrought_helmet":5,"minecraft:white_bed":3,"minecraft:spruce_log":61,"minecraft:dark_oak_log":42,"minecraft:spider_eye":2,"spartanshields:copper_basic_shield":1,"minecraft:sugar":1,"immersive_armors:bone_boots":2,"minecraft:diamond":10,"minecraft:stone_axe":2,"immersive_armors:wooden_chestplate":2,"minecraft:crossbow":2,"minecraft:golden_apple":5,"minecraft:gray_wool":2,"minecraft:bread":50,"occultism:demons_dream_essence":1,"minecraft:netherrack":110,"immersive_armors:wooden_boots":1,"minecraft:dark_oak_fence":5,"minecraft:diamond_pickaxe":2},"minecraft:mined":{"minecraft:white_bed":2,"minecraft:deepslate_diamond_ore":6,"minecraft:dark_oak_log":42,"minecraft:dark_oak_fence":7,"minecraft:grass_block":5,"minecraft:spruce_leaves":2,"minecraft:large_fern":1,"minecraft:hay_block":76,"minecraft:furnace":2,"minecraft:carrots":16,"minecraft:fire":16,"minecraft:cobbled_deepslate":1,"minecraft:andesite":3,"minecraft:deepslate_lapis_ore":4,"minecraft:azure_bluet":3,"minecraft:potatoes":1,"minecraft:stone":4,"minecraft:player_head":1,"minecraft:podzol":1,"minecraft:basalt":9,"minecraft:crafting_table":2,"minecraft:torch":2,"minecraft:nether_quartz_ore":20,"minecraft:copper_ore":17,"minecraft:tall_grass":33,"minecraft:cobblestone":1,"minecraft:deepslate_gold_ore":16,"minecraft:sugar_cane":5,"minecraft:wall_torch":9,"minecraft:deepslate_copper_ore":6,"minecraft:wheat":1,"minecraft:spruce_log":62,"minecraft:white_wall_banner":1,"minecraft:grass":407,"minecraft:oak_log":28,"minecraft:netherrack":147,"minecraft:oak_leaves":2,"minecraft:deepslate":38},"minecraft:killed_by":{"minecraft:piglin_brute":1,"mowziesmobs:ferrous_wroughtnaut":1,"minecraft:skeleton":2,"creaturesofruneterra:xersai_hatchling":1},"minecraft:dropped":{"spartanshields:copper_basic_shield":1,"minecraft:iron_ingot":6,"creaturesofruneterra:silverwing_spawn_egg":1,"spartanweaponry:silver_rapier":2,"occultism:datura_seeds":1,"occultism:datura":2,"minecraft:porkchop":1,"minecraft:wheat_seeds":79,"minecraft:lapis_lazuli":41,"minecraft:diamond":6,"minecraft:diamond_leggings":1,"minecraft:feather":8,"minecraft:cobblestone":2,"minecraft:saddle":1,"minecraft:copper_ingot":33,"occultism:silver_ingot":25,"minecraft:coal":42,"mowziesmobs:wrought_axe":1,"sophisticatedbackpacks:gold_backpack":1,"minecraft:stick":1,"spartanshields:wooden_basic_shield":1,"minecraft:dirt":2,"minecraft:gray_wool":2,"minecraft:dark_oak_fence":5,"immersive_armors:wooden_leggings":1,"spartanweaponry:iron_greatsword":1,"mowziesmobs:wrought_helmet":4,"minecraft:sugar":1,"immersive_armors:wooden_chestplate":1,"spartanshields:diamond_tower_shield":1,"minecraft:white_wool":19,"minecraft:bone":4,"occultism:demons_dream_essence":1,"minecraft:stone_axe":1,"minecraft:sugar_cane":8,"immersive_armors:bone_chestplate":1,"minecraft:blaze_rod":9,"minecraft:raw_copper":27,"immersive_armors:wooden_boots":1,"minecraft:wheat":1,"minecraft:rotten_flesh":2,"minecraft:oak_planks":32,"immersive_armors:bone_boots":1,"minecraft:name_tag":1,"spartanweaponry:silver_halberd":1,"minecraft:flint_and_steel":1,"minecraft:potato":6,"minecraft:skeleton_skull":1,"minecraft:spruce_planks":240,"minecraft:andesite":1,"minecraft:spider_eye":2,"minecraft:basalt":5,"sophisticatedbackpacks:copper_backpack":1,"minecraft:arrow":3,"minecraft:beef":64,"minecraft:raw_gold":16,"minecraft:quartz":20,"immersive_armors:wooden_helmet":1,"minecraft:netherrack":64,"minecraft:egg":1},"minecraft:used":{"occultism:demons_dream_essence":1,"immersive_armors:bone_boots":1,"spartanweaponry:silver_rapier":8,"spartanweaponry:silver_halberd":2,"minecraft:rotten_flesh":1,"minecraft:netherrack":46,"minecraft:torch":10,"minecraft:dirt":6,"minecraft:mutton":4,"minecraft:carrot":13,"creaturesofruneterra:silverwing_spawn_egg":2,"mowziesmobs:wrought_helmet":1,"spartanweaponry:wooden_javelin":45,"minecraft:tuff":2,"minecraft:obsidian":2,"minecraft:azure_bluet":3,"spartanshields:wooden_tower_shield":6,"minecraft:iron_axe":56,"minecraft:diamond_chestplate":1,"immersive_armors:wooden_chestplate":1,"minecraft:beef":10,"minecraft:furnace":2,"minecraft:egg":1,"minecraft:cooked_beef":3,"minecraft:cobbled_deepslate":18,"minecraft:golden_axe":65,"minecraft:wheat_seeds":2,"minecraft:cooked_mutton":7,"minecraft:stone_pickaxe":27,"occultism:datura_seeds":3,"minecraft:wooden_pickaxe":2,"minecraft:white_wool":1,"minecraft:crafting_table":4,"minecraft:crossbow":3,"minecraft:white_bed":3,"mowziesmobs:wrought_axe":2,"spartanweaponry:diamond_scythe":115,"minecraft:diamond_pickaxe":133,"minecraft:zombie_head":1,"minecraft:bread":49,"minecraft:iron_pickaxe":119,"spartanshields:copper_tower_shield":25,"minecraft:stone_axe":83,"minecraft:cobblestone":3,"minecraft:porkchop":23,"minecraft:cooked_porkchop":1,"minecraft:andesite":2,"minecraft:diamond_leggings":2},"minecraft:crafted":{"minecraft:oak_planks":40,"spartanweaponry:wooden_javelin":4,"spartanshields:wooden_tower_shield":2,"spartanweaponry:silver_halberd":1,"spartanshields:copper_basic_shield":1,"immersive_armors:wooden_chestplate":2,"minecraft:cooked_mutton":3,"spartanweaponry:silver_rapier":1,"spartanshields:copper_tower_shield":2,"immersive_armors:wooden_helmet":2,"minecraft:dark_oak_planks":48,"minecraft:wheat":684,"immersive_armors:bone_chestplate":2,"spartanshields:diamond_tower_shield":1,"immersive_armors:bone_leggings":1,"spartanweaponry:diamond_scythe":1,"minecraft:cooked_porkchop":1,"spartanweaponry:pole":6,"occultism:silver_ingot":17,"minecraft:crafting_table":2,"minecraft:spruce_planks":244,"immersive_armors:wooden_leggings":2,"spartanweaponry:handle":2,"minecraft:copper_ingot":39,"occultism:dictionary_of_spirits":1,"minecraft:bread":228,"minecraft:air":0,"immersive_armors:wooden_boots":2,"occultism:demons_dream_essence":1,"spartanweaponry:iron_greatsword":1,"immersive_armors:bone_helmet":1,"minecraft:diamond_pickaxe":1,"minecraft:stick":32,"minecraft:iron_ingot":20,"minecraft:iron_pickaxe":1,"minecraft:gold_ingot":5,"spartanshields:wooden_basic_shield":1,"immersive_armors:bone_boots":2,"minecraft:diamond_chestplate":1}},"DataVersion":3465}