{"stats":{"minecraft:custom":{"minecraft:jump":69,"minecraft:time_since_rest":489,"minecraft:damage_dealt":99,"minecraft:damage_taken":707,"minecraft:leave_game":1,"minecraft:play_time":2959,"minecraft:sprint_one_cm":10260,"minecraft:time_since_death":423,"minecraft:walk_one_cm":8379,"minecraft:deaths":2,"minecraft:total_world_time":2959,"minecraft:mob_kills":1,"minecraft:fall_one_cm":4062,"minecraft:fly_one_cm":11894},"minecraft:killed":{"creaturesofruneterra:xersai_hatchling":1},"minecraft:picked_up":{"minecraft:spruce_sapling":1},"minecraft:mined":{"minecraft:grass":1,"minecraft:spruce_leaves":5,"minecraft:fern":2},"minecraft:killed_by":{"minecraft:player":1,"minecraft:skeleton":1}},"DataVersion":3465}