{"stats":{"minecraft:custom":{"minecraft:open_chest":1,"minecraft:time_since_rest":1777,"minecraft:sprint_one_cm":31719,"minecraft:play_time":8977,"minecraft:deaths":3,"minecraft:damage_taken":1083,"minecraft:walk_one_cm":24453,"minecraft:walk_under_water_one_cm":425,"minecraft:mob_kills":5,"minecraft:jump":348,"minecraft:damage_dealt":798,"minecraft:leave_game":1,"minecraft:walk_on_water_one_cm":3393,"minecraft:time_since_death":1749,"minecraft:total_world_time":8977,"minecraft:fly_one_cm":58349,"minecraft:swim_one_cm":19234,"minecraft:fall_one_cm":18758},"minecraft:killed":{"minecraft:sheep":3,"creaturesofruneterra:silverwing":1,"creaturesofruneterra:xersai_hatchling":1},"minecraft:picked_up":{"minecraft:wheat_seeds":1,"minecraft:rabbit_hide":1,"minecraft:gray_wool":1,"minecraft:spruce_sapling":1,"minecraft:white_wool":1,"minecraft:black_wool":1,"minecraft:mutton":5,"minecraft:string":1},"minecraft:used":{"minecraft:black_wool":1},"minecraft:mined":{"minecraft:large_fern":2,"minecraft:grass":4,"minecraft:brown_mushroom":1,"minecraft:spruce_leaves":5,"minecraft:fern":2},"minecraft:killed_by":{"minecraft:skeleton":1,"minecraft:player":2}},"DataVersion":3465}