{"stats":{"minecraft:broken":{"minecraft:iron_shovel":1,"immersive_armors:bone_boots":1,"minecraft:stone_pickaxe":1,"minecraft:stone_axe":1,"spartanweaponry:silver_rapier":1,"minecraft:iron_pickaxe":1},"minecraft:killed":{"minecraft:cave_spider":5,"minecraft:witch":1,"minecraft:spider":4,"minecraft:skeleton":16,"creaturesofruneterra:xersai_hatchling":8,"minecraft:magma_cube":51,"minecraft:piglin":5,"minecraft:pig":8,"minecraft:zombie_villager":1,"minecraft:iron_golem":1,"minecraft:creeper":5,"minecraft:sheep":8,"minecraft:zombie":21,"minecraft:cow":21,"minecraft:blaze":2,"minecraft:drowned":1,"minecraft:hoglin":1,"minecraft:wither_skeleton":1,"minecraft:villager":8,"minecraft:enderman":1},"minecraft:custom":{"minecraft:interact_with_crafting_table":109,"minecraft:leave_game":7,"minecraft:time_since_death":46652,"minecraft:sprint_one_cm":743436,"minecraft:damage_blocked_by_shield":899,"minecraft:drop":91,"minecraft:play_time":500747,"minecraft:deaths":11,"minecraft:jump":5203,"minecraft:interact_with_brewingstand":36,"minecraft:walk_on_water_one_cm":68640,"minecraft:enchant_item":3,"minecraft:interact_with_furnace":238,"minecraft:sleep_in_bed":25,"minecraft:damage_dealt":21845,"minecraft:crouch_one_cm":32583,"minecraft:mob_kills":173,"minecraft:interact_with_anvil":10,"minecraft:damage_dealt_resisted":416,"minecraft:climb_one_cm":9551,"minecraft:walk_one_cm":1219791,"minecraft:damage_dealt_absorbed":81,"minecraft:sneak_time":14014,"minecraft:walk_under_water_one_cm":43829,"minecraft:interact_with_blast_furnace":1,"minecraft:total_world_time":500747,"spartanshields:shield_bash_hits":1,"minecraft:time_since_rest":11685,"minecraft:damage_taken":8468,"minecraft:damage_absorbed":80,"minecraft:swim_one_cm":74526,"minecraft:fly_one_cm":1764682,"minecraft:open_chest":388,"minecraft:fall_one_cm":174271},"minecraft:picked_up":{"minecraft:brewing_stand":1,"minecraft:string":249,"minecraft:raw_copper":176,"minecraft:diamond_leggings":5,"minecraft:gold_nugget":266,"minecraft:cobbled_deepslate":457,"minecraft:spruce_planks":853,"spartanshields:diamond_tower_shield":4,"minecraft:iron_pickaxe":6,"minecraft:furnace":5,"minecraft:stick":11,"minecraft:torch":107,"minecraft:porkchop":22,"minecraft:diorite":7,"minecraft:rotten_flesh":21,"occultism:datura":1,"minecraft:blaze_rod":10,"minecraft:cobblestone":433,"immersive_armors:bone_helmet":3,"occultism:datura_seeds":3,"minecraft:magma_block":7,"minecraft:feather":32,"minecraft:cooked_beef":34,"minecraft:magma_cream":7,"minecraft:water_bucket":4,"minecraft:andesite":20,"minecraft:potato":8,"minecraft:flint":17,"minecraft:tuff":21,"minecraft:lapis_lazuli":120,"minecraft:dirt":226,"minecraft:bone":24,"spartanweaponry:iron_greatsword":2,"minecraft:wheat_seeds":32,"minecraft:raw_gold":97,"minecraft:glowstone_dust":67,"minecraft:diamond_helmet":2,"minecraft:oak_planks":32,"ironfurnaces:iron_furnace":2,"minecraft:cooked_porkchop":17,"minecraft:sand":70,"minecraft:ink_sac":2,"spartanshields:copper_basic_shield":4,"immersive_armors:bone_boots":6,"minecraft:diamond":101,"minecraft:granite":1,"minecraft:golden_apple":7,"minecraft:emerald":1,"minecraft:netherrack":54,"minecraft:diamond_pickaxe":3,"sophisticatedbackpacks:gold_backpack":1,"minecraft:crafting_table":11,"minecraft:azure_bluet":6,"minecraft:nether_wart":98,"minecraft:packed_ice":80,"occultism:raw_silver":55,"minecraft:gold_block":1,"minecraft:cornflower":1,"minecraft:flint_and_steel":4,"minecraft:iron_axe":4,"minecraft:iron_shovel":3,"minecraft:beef":167,"immersive_armors:wooden_leggings":5,"minecraft:player_head":1,"minecraft:iron_nugget":42,"minecraft:poppy":3,"ironfurnaces:diamond_furnace":1,"minecraft:sugar_cane":297,"minecraft:chest":6,"minecraft:diamond_hoe":2,"occultism:dictionary_of_spirits":3,"minecraft:egg":2,"minecraft:raw_iron":152,"minecraft:stone":6,"immersive_armors:bone_chestplate":2,"minecraft:copper_ingot":57,"spartanweaponry:silver_rapier":6,"sophisticatedbackpacks:backpack":1,"minecraft:carrot":11,"minecraft:redstone":221,"immersive_armors:wooden_helmet":5,"minecraft:arrow":20,"minecraft:diamond_chestplate":3,"minecraft:beetroot_seeds":1,"minecraft:nether_bricks":1,"spartanshields:copper_tower_shield":2,"ironfurnaces:gold_furnace":2,"minecraft:shears":1,"minecraft:deepslate_bricks":13,"occultism:silver_ingot":25,"minecraft:gold_ingot":12,"sophisticatedbackpacks:copper_backpack":2,"minecraft:mutton":13,"minecraft:white_wool":7,"minecraft:rail":25,"minecraft:leather":57,"minecraft:oak_log":13,"minecraft:yellow_bed":1,"minecraft:gunpowder":5,"mowziesmobs:wrought_axe":1,"spartanweaponry:diamond_scythe":2,"minecraft:kelp":15,"minecraft:iron_ingot":31,"minecraft:stone_pickaxe":3,"spartanshields:wooden_basic_shield":1,"minecraft:glass_bottle":2,"minecraft:iron_sword":1,"minecraft:soul_sand":66,"minecraft:pumpkin":48,"minecraft:quartz":221,"minecraft:dandelion":5,"minecraft:gravel":24,"mowziesmobs:wrought_helmet":6,"minecraft:white_bed":7,"minecraft:spruce_log":3,"minecraft:spider_eye":9,"minecraft:stone_axe":3,"minecraft:rib_armor_trim_smithing_template":1,"immersive_armors:wooden_chestplate":4,"minecraft:iron_helmet":1,"minecraft:gray_wool":1,"occultism:demons_dream_essence":1,"minecraft:coal":517,"immersive_armors:wooden_boots":4},"minecraft:mined":{"minecraft:white_bed":6,"minecraft:brewing_stand":1,"minecraft:granite":1,"minecraft:grass_block":130,"minecraft:deepslate_bricks":14,"minecraft:nether_wart":10,"minecraft:spawner":4,"minecraft:magma_block":2,"minecraft:glowstone":16,"ironfurnaces:gold_furnace":2,"minecraft:iron_ore":64,"minecraft:cobbled_deepslate":2,"minecraft:fire":13,"minecraft:pumpkin":16,"minecraft:deepslate_lapis_ore":5,"minecraft:azure_bluet":1,"minecraft:dirt_path":4,"minecraft:tripwire":4,"minecraft:deepslate_redstone_ore":35,"ironfurnaces:iron_furnace":1,"minecraft:torch":1,"minecraft:chest":2,"minecraft:nether_quartz_ore":119,"minecraft:cobblestone":4,"minecraft:sugar_cane":103,"minecraft:wheat":14,"minecraft:grass":87,"minecraft:oak_log":13,"minecraft:beetroots":1,"minecraft:sand":70,"minecraft:dirt":42,"minecraft:netherrack":64,"minecraft:oak_leaves":12,"minecraft:deepslate":454,"minecraft:nether_gold_ore":30,"minecraft:tuff":21,"minecraft:deepslate_diamond_ore":55,"minecraft:redstone_wire":1,"occultism:silver_ore_deepslate":55,"minecraft:spruce_leaves":1,"minecraft:redstone_ore":8,"minecraft:furnace":5,"minecraft:carrots":8,"minecraft:andesite":13,"minecraft:gold_block":1,"minecraft:potatoes":7,"minecraft:deepslate_iron_ore":30,"minecraft:rail":25,"minecraft:stone":192,"minecraft:podzol":3,"minecraft:soul_sand":2,"minecraft:crafting_table":9,"minecraft:emerald_ore":1,"minecraft:tall_grass":3,"minecraft:copper_ore":18,"minecraft:lapis_ore":6,"minecraft:deepslate_gold_ore":55,"minecraft:diorite":4,"ironfurnaces:diamond_furnace":1,"minecraft:spruce_log":2,"minecraft:birch_leaves":1,"minecraft:yellow_bed":1,"minecraft:coal_ore":209,"minecraft:gravel":24,"minecraft:cobweb":110,"minecraft:gold_ore":2},"minecraft:killed_by":{"minecraft:piglin_brute":1,"creaturesofruneterra:xersai_hatchling":2,"minecraft:player":2,"minecraft:iron_golem":2,"mowziesmobs:ferrous_wroughtnaut":3},"minecraft:dropped":{"minecraft:iron_sword":1,"minecraft:soul_sand":1,"minecraft:diamond":53,"minecraft:iron_horse_armor":1,"minecraft:saddle":1,"spartanshields:wooden_basic_shield":1,"sophisticatedbackpacks:gold_backpack":1,"minecraft:packed_ice":25,"minecraft:cornflower":1,"sophisticatedbackpacks:stack_upgrade_starter_tier":1,"immersive_armors:wooden_leggings":3,"minecraft:gold_nugget":7,"minecraft:bone_meal":1,"minecraft:iron_pickaxe":1,"immersive_armors:wooden_chestplate":2,"occultism:demons_dream_essence":1,"minecraft:stone_axe":1,"immersive_armors:wooden_boots":2,"minecraft:rotten_flesh":7,"immersive_armors:bone_boots":1,"minecraft:cooked_mutton":4,"spartanweaponry:diamond_scythe":1,"minecraft:azure_bluet":3,"minecraft:white_bed":1,"sophisticatedbackpacks:diamond_backpack":1,"minecraft:poppy":3,"occultism:dictionary_of_spirits":2,"minecraft:powered_rail":1,"minecraft:glass":1,"minecraft:netherrack":6,"minecraft:egg":2,"spartanshields:copper_basic_shield":1,"minecraft:wheat_seeds":13,"minecraft:diamond_leggings":1,"minecraft:iron_helmet":1,"minecraft:golden_axe":1,"minecraft:feather":4,"minecraft:cobblestone":1,"minecraft:book":2,"minecraft:granite":1,"minecraft:grass_block":1,"minecraft:coal":11,"minecraft:golden_apple":4,"minecraft:stick":6,"minecraft:lava_bucket":1,"immersive_armors:bone_leggings":1,"minecraft:diorite":3,"mowziesmobs:wrought_helmet":6,"minecraft:iron_axe":1,"minecraft:dandelion":4,"immersive_armors:bone_chestplate":1,"minecraft:oak_trapdoor":1,"minecraft:tuff":14,"minecraft:composter":1,"minecraft:cobbled_deepslate_slab":2,"minecraft:nether_bricks":3,"minecraft:stone":7,"minecraft:diamond_chestplate":1,"immersive_armors:bone_helmet":2,"spartanshields:copper_tower_shield":1,"sophisticatedbackpacks:copper_backpack":1,"minecraft:stone_pickaxe":1,"minecraft:wooden_pickaxe":1,"immersive_armors:wooden_helmet":1},"minecraft:used":{"minecraft:iron_shovel":256,"minecraft:ladder":63,"minecraft:diamond_hoe":322,"minecraft:oak_sign":10,"minecraft:chest":11,"minecraft:stone":38,"minecraft:iron_sword":107,"minecraft:nether_wart":71,"spartanweaponry:silver_rapier":207,"minecraft:player_head":1,"minecraft:soul_sand":43,"minecraft:nether_bricks":27,"minecraft:carrot":402,"minecraft:obsidian":23,"minecraft:glass":359,"minecraft:packed_ice":1,"minecraft:lava_bucket":1,"minecraft:villager_spawn_egg":4,"minecraft:grass_block":7,"minecraft:bedrock":4,"ironfurnaces:iron_furnace":1,"immersive_armors:wooden_chestplate":1,"minecraft:furnace":7,"minecraft:potato":9,"spartanweaponry:iron_greatsword":17,"immersive_armors:wooden_helmet":1,"minecraft:diorite":4,"minecraft:diamond_boots":1,"minecraft:stone_pickaxe":237,"minecraft:powered_rail":8,"immersive_armors:bone_helmet":1,"minecraft:wooden_pickaxe":3,"minecraft:composter":9,"minecraft:sugar_cane":114,"minecraft:golden_apple":2,"minecraft:sand":7,"minecraft:shears":3,"minecraft:redstone_torch":5,"minecraft:lever":4,"minecraft:string":17,"minecraft:bread":6,"spartanshields:diamond_tower_shield":4,"minecraft:andesite":6,"minecraft:oak_boat":4,"minecraft:bone_meal":7,"minecraft:oak_trapdoor":59,"ironfurnaces:gold_furnace":2,"minecraft:enchanting_table":1,"minecraft:flint_and_steel":2,"minecraft:redstone":1,"immersive_armors:bone_boots":1,"minecraft:netherrack":329,"minecraft:torch":371,"minecraft:brewing_stand":4,"minecraft:dirt":1008,"ironfurnaces:diamond_furnace":3,"minecraft:diamond_helmet":3,"mowziesmobs:wrought_helmet":2,"minecraft:iron_hoe":1,"minecraft:chipped_anvil":1,"minecraft:bookshelf":18,"minecraft:iron_axe":16,"minecraft:diamond_chestplate":4,"minecraft:tripwire_hook":2,"spartanshields:copper_basic_shield":7,"minecraft:minecart":3,"minecraft:cooked_beef":42,"minecraft:cobbled_deepslate":90,"minecraft:cooked_mutton":3,"minecraft:water_bucket":39,"minecraft:glass_bottle":15,"minecraft:cobblestone_slab":37,"minecraft:deepslate_bricks":156,"minecraft:rail":13,"minecraft:crafting_table":13,"minecraft:white_bed":27,"occultism:datura":1,"mowziesmobs:wrought_axe":93,"minecraft:oak_log":1,"minecraft:diamond_pickaxe":907,"minecraft:iron_pickaxe":390,"minecraft:stone_axe":94,"minecraft:cobblestone":96,"minecraft:cobbled_deepslate_slab":4,"minecraft:cooked_porkchop":17,"minecraft:bucket":12,"minecraft:yellow_bed":1,"minecraft:kelp":1,"minecraft:diamond_leggings":2},"minecraft:crafted":{"minecraft:oak_planks":52,"minecraft:blaze_powder":14,"ironfurnaces:iron_furnace":2,"minecraft:stone":3,"ironfurnaces:diamond_furnace":2,"minecraft:cooked_mutton":7,"minecraft:glass":0,"minecraft:diamond_helmet":1,"minecraft:diamond_leggings":2,"sophisticatedbackpacks:copper_backpack":2,"minecraft:chest":7,"minecraft:copper_block":16,"minecraft:glass_bottle":21,"sophisticatedbackpacks:backpack":3,"minecraft:cooked_porkchop":8,"minecraft:crafting_table":4,"minecraft:spruce_planks":12,"minecraft:wooden_pickaxe":1,"minecraft:copper_ingot":0,"minecraft:gold_block":1,"minecraft:brewing_stand":3,"sophisticatedbackpacks:upgrade_base":2,"minecraft:book":4,"minecraft:paper":45,"minecraft:diamond_pickaxe":1,"sophisticatedbackpacks:diamond_backpack":2,"minecraft:stick":112,"minecraft:iron_ingot":20,"minecraft:iron_pickaxe":2,"minecraft:iron_block":4,"minecraft:gold_ingot":34,"minecraft:light_gray_dye":1,"minecraft:deepslate_bricks":400,"minecraft:shears":1,"minecraft:cobbled_deepslate_slab":6,"ironfurnaces:gold_furnace":2,"minecraft:furnace":4,"sophisticatedbackpacks:stack_upgrade_starter_tier":2,"minecraft:diamond_block":2,"minecraft:diamond":18,"minecraft:polished_deepslate":400,"minecraft:iron_axe":2,"minecraft:iron_hoe":1,"minecraft:stone_pickaxe":3,"minecraft:diamond_boots":1,"sophisticatedbackpacks:iron_backpack":2,"minecraft:cooked_beef":54,"minecraft:enchanting_table":1,"minecraft:iron_sword":1,"sophisticatedbackpacks:gold_backpack":2,"minecraft:bucket":2,"minecraft:stone_axe":2,"minecraft:air":0,"minecraft:oak_boat":1,"minecraft:iron_shovel":1,"minecraft:white_bed":2,"minecraft:torch":212,"minecraft:diamond_chestplate":1}},"DataVersion":3465}