{"stats":{"minecraft:dropped":{"minecraft:string":3},"minecraft:used":{"minecraft:barrel":1,"minecraft:oak_trapdoor":2,"minecraft:water_bucket":2,"minecraft:lever":1,"minecraft:diamond_sword":4,"minecraft:lava_bucket":2,"minecraft:cobblestone":10,"minecraft:villager_spawn_egg":2,"minecraft:hopper":11,"minecraft:string":2,"minecraft:bucket":2,"minecraft:chest":2},"minecraft:picked_up":{"minecraft:lever":1,"minecraft:string":12},"minecraft:crafted":{"minecraft:emerald":16,"minecraft:air":0},"minecraft:custom":{"minecraft:time_since_rest":16568,"minecraft:open_chest":5,"minecraft:crouch_one_cm":1074,"minecraft:sprint_one_cm":20269,"minecraft:interact_with_furnace":1,"minecraft:play_time":17058,"minecraft:damage_taken":270,"minecraft:deaths":1,"minecraft:walk_one_cm":24012,"minecraft:sneak_time":839,"minecraft:walk_under_water_one_cm":69,"minecraft:mob_kills":1,"minecraft:drop":1,"minecraft:jump":266,"minecraft:damage_dealt":209,"minecraft:leave_game":4,"minecraft:walk_on_water_one_cm":5093,"minecraft:time_since_death":16485,"minecraft:traded_with_villager":16,"minecraft:total_world_time":17360,"minecraft:talked_to_villager":5,"minecraft:fall_one_cm":209,"minecraft:fly_one_cm":171971},"minecraft:killed":{"minecraft:villager":1}},"DataVersion":3465}